comparison	rho	p_value
Gypsy_vs_genes	-0.136376811281705	0.000239970207840884
Copia_vs_genes	-0.530330520514082	1.53812532241506e-53
