chromosome	statistic	p_value
NC_134017.1	433	0.722790902964115
NC_134019.1	108	0.729113009393581
NC_134020.1	25	0.349768977795253
